comparator,task,budget,seed,metric,full,comparator_value,delta,delta_pct
full_old,bi_tsp,25,2025,aubc,13024.238918151717,12302.944871554813,721.2940465969041,5.862775572250034
full_old,bi_tsp,25,2026,aubc,13123.326645104798,12636.45248828009,486.8741568247078,3.8529338615902464
full_old,bi_tsp,25,2027,aubc,11833.354468949772,12563.912250080051,-730.5577811302792,-5.814731642411974
full_old,bi_tsp,25,2028,aubc,12385.274436273967,13282.889842374232,-897.6154061002653,-6.757681624647294
full_old,bi_tsp,25,2029,aubc,11775.518020234107,12967.817106924876,-1192.2990866907694,-9.194292893397426
full_old,bi_tsp,25,2025,hv_final,14536.88709305557,14646.362942327158,-109.47584927158823,-0.7474609887974881
full_old,bi_tsp,25,2026,hv_final,15263.779217934301,15043.395819381061,220.3833985532401,1.4649843771930238
full_old,bi_tsp,25,2027,hv_final,14273.1958389995,13959.902500088947,313.29333891055285,2.2442372997129256
full_old,bi_tsp,25,2028,hv_final,14413.461889953944,15094.19300269799,-680.7311127440462,-4.509887429042214
full_old,bi_tsp,25,2029,hv_final,15100.280207372994,15078.857101075439,21.423106297555933,0.1420738067477778
full_old,bi_tsp,50,2025,aubc,12834.430162921422,13041.64516717303,-207.21500425160775,-1.588871661477087
full_old,bi_tsp,50,2026,aubc,12789.328508037073,12753.339524601453,35.98898343561996,0.2821926238707695
full_old,bi_tsp,50,2027,aubc,12810.097187996642,12667.16729879381,142.92988920283278,1.1283492657150118
full_old,bi_tsp,50,2028,aubc,13113.357908658963,13143.880821963163,-30.522913304199392,-0.23222147033771234
full_old,bi_tsp,50,2029,aubc,13110.536483267988,12846.873159044133,263.66332422385494,2.0523540705952747
full_old,bi_tsp,50,2025,hv_final,15101.115225139625,14839.0814488819,262.03377625772555,1.7658355549862614
full_old,bi_tsp,50,2026,hv_final,14695.422101762046,14492.49330351833,202.9287982437163,1.400233858962352
full_old,bi_tsp,50,2027,hv_final,14280.921487786007,14406.545987334657,-125.62449954865042,-0.8719959639117647
full_old,bi_tsp,50,2028,hv_final,14904.401318350609,14287.64072405273,616.7605942978789,4.316742044469146
full_old,bi_tsp,50,2029,hv_final,15069.90423488014,14766.520872464524,303.3833624156159,2.054535154461079
full_old,bi_tsp,100,2025,aubc,13918.09759149614,13932.345022905201,-14.247431409061392,-0.10226154596113535
full_old,bi_tsp,100,2026,aubc,14117.248139808182,13624.770713770302,492.4774260378799,3.6145740459334164
full_old,bi_tsp,100,2027,aubc,14252.99935548939,13819.887443848946,433.1119116404443,3.1339756810625508
full_old,bi_tsp,100,2028,aubc,13864.553711480794,13974.686237881448,-110.13252640065366,-0.7880858612919317
full_old,bi_tsp,100,2029,aubc,13997.771114406823,13388.793899453589,608.9772149532346,4.548409808430076
full_old,bi_tsp,100,2025,hv_final,14968.25389571526,15146.915424690169,-178.66152897490974,-1.1795241735071849
full_old,bi_tsp,100,2026,hv_final,14946.857918219399,15090.048482109447,-143.190563890048,-0.9489072487726791
full_old,bi_tsp,100,2027,hv_final,15014.01187066634,15087.354409789317,-73.34253912297754,-0.4861192832813055
full_old,bi_tsp,100,2028,hv_final,15137.157173000645,15013.23571045276,123.92146254788531,0.8254147536070899
full_old,bi_tsp,100,2029,hv_final,15051.7927770676,14968.80119264188,82.99158442571934,0.5544304006557033
full_old,bi_tsp,200,2025,aubc,14380.437637309426,14410.706238604653,-30.2686012952272,-0.210042455893944
full_old,bi_tsp,200,2026,aubc,14592.658812191205,14593.369046464124,-0.7102342729194788,-0.0048668286991016
full_old,bi_tsp,200,2027,aubc,13989.500831149868,14729.14053618899,-739.6397050391224,-5.021608037630254
full_old,bi_tsp,200,2028,aubc,14113.315819659387,14263.780353739136,-150.46453407974877,-1.0548713619268901
full_old,bi_tsp,200,2029,aubc,14583.396091965678,14361.918910141254,221.4771818244244,1.5421141367678581
full_old,bi_tsp,200,2025,hv_final,15101.350558915781,15331.857362657063,-230.50680374128206,-1.503449962316472
full_old,bi_tsp,200,2026,hv_final,15377.813820348845,15132.622674125534,245.19114622331108,1.6202819002587798
full_old,bi_tsp,200,2027,hv_final,15183.61359870662,15264.129676946215,-80.51607823959421,-0.5274855490857044
full_old,bi_tsp,200,2028,hv_final,15143.162618048673,15255.43628569975,-112.27366765107763,-0.7359584186807044
full_old,bi_tsp,200,2029,hv_final,15186.557480906975,14890.386347810232,296.1711330967428,1.9890090571108576
full_old,tri_tsp,25,2025,aubc,115479.60804093242,149173.74201258388,-33694.13397165146,-22.587174872109273
full_old,tri_tsp,25,2026,aubc,149119.5999347522,157431.92452441863,-8312.324589666445,-5.279948533168799
full_old,tri_tsp,25,2027,aubc,161070.49968497525,144905.63740059652,16164.86228437873,11.15544058488933
full_old,tri_tsp,25,2028,aubc,144667.47474195415,127846.85476983014,16820.619972124012,13.156850829382627
full_old,tri_tsp,25,2029,aubc,151913.61187140917,143056.09789810536,8857.513973303809,6.191636779868515
full_old,tri_tsp,25,2025,hv_final,206213.5857873793,207185.75279525536,-972.1670078760653,-0.4692248355690598
full_old,tri_tsp,25,2026,hv_final,207110.5554649336,207147.26911107718,-36.71364614358754,-0.017723451678186564
full_old,tri_tsp,25,2027,hv_final,207479.51920738546,207008.0534294236,471.4657779618574,0.22775238458179192
full_old,tri_tsp,25,2028,hv_final,207863.60889236676,206204.604467468,1659.0044248987688,0.8045428612921679
full_old,tri_tsp,25,2029,hv_final,205288.66469109347,204365.85414015054,922.8105509429297,0.4515483052810243
full_old,tri_tsp,50,2025,aubc,158972.99212707314,184256.66479121306,-25283.672664139915,-13.721985412462356
full_old,tri_tsp,50,2026,aubc,147290.9463269837,164505.39888743593,-17214.45256045222,-10.464369362267156
full_old,tri_tsp,50,2027,aubc,164612.5514833141,150711.01069225543,13901.54079105868,9.223971577926026
full_old,tri_tsp,50,2028,aubc,155685.0948226461,151573.30416811164,4111.790654534445,2.7127406617553307
full_old,tri_tsp,50,2029,aubc,178223.03044801342,147183.7394342237,31039.291013789712,21.08880446515706
full_old,tri_tsp,50,2025,hv_final,206458.43133386123,207029.9604395652,-571.5291057039867,-0.27606106115777296
full_old,tri_tsp,50,2026,hv_final,207452.03708025874,208234.68213599484,-782.645055736095,-0.3758476002690858
full_old,tri_tsp,50,2027,hv_final,208394.09539483703,206453.4393044595,1940.656090377539,0.9399969779702477
full_old,tri_tsp,50,2028,hv_final,208159.94563120895,207634.66324398856,525.282387220388,0.25298395702029186
full_old,tri_tsp,50,2029,hv_final,207236.0819162947,207301.04145665313,-64.95954035842442,-0.031335848533109445
full_old,tri_tsp,100,2025,aubc,166479.00382380327,190330.4460343633,-23851.442210560024,-12.531595815339891
full_old,tri_tsp,100,2026,aubc,178803.26376682252,180024.20747181948,-1220.9437049969565,-0.6782108484982952
full_old,tri_tsp,100,2027,aubc,178851.2959458734,191031.04118144469,-12179.745235571289,-6.375793776888205
full_old,tri_tsp,100,2028,aubc,184921.41211274077,175384.14469966423,9537.267413076537,5.437930224199339
full_old,tri_tsp,100,2029,aubc,189869.62446882567,186362.56002084582,3507.0644479798502,1.8818503285142452
full_old,tri_tsp,100,2025,hv_final,208098.75477975412,206880.91960256876,1217.8351771853631,0.588664812359152
full_old,tri_tsp,100,2026,hv_final,207919.04646288863,205741.95139636513,2177.0950665234996,1.0581677930765254
full_old,tri_tsp,100,2027,hv_final,207966.62319287602,207642.4360667877,324.1871260883345,0.1561275875149537
full_old,tri_tsp,100,2028,hv_final,206983.84350450954,207555.200828005,-571.3573234954674,-0.27527969485521275
full_old,tri_tsp,100,2029,hv_final,208670.78134267608,207069.51113427317,1601.2702084029152,0.773300810743005
full_old,tri_tsp,200,2025,aubc,184462.18781133674,195367.08037540573,-10904.892564068985,-5.581745165620944
full_old,tri_tsp,200,2026,aubc,189091.12585590928,197684.51194632772,-8593.38609041844,-4.347020414402314
full_old,tri_tsp,200,2027,aubc,184617.01542857313,192191.30458467457,-7574.28915610144,-3.9410155274555603
full_old,tri_tsp,200,2028,aubc,188780.6055979618,193669.6660473449,-4889.060449383076,-2.5244327359907226
full_old,tri_tsp,200,2029,aubc,195209.79855488252,196713.79597432548,-1503.9974194429524,-0.764561230692351
full_old,tri_tsp,200,2025,hv_final,207327.5086725669,207286.02692350736,41.48174905954511,0.020011840486899857
full_old,tri_tsp,200,2026,hv_final,207727.4552454591,206999.48894903425,727.9662964248564,0.3516754075678419
full_old,tri_tsp,200,2027,hv_final,207066.5399438513,206657.31675771464,409.22318613665993,0.19802017782726278
full_old,tri_tsp,200,2028,hv_final,208282.42637503313,207133.3326709571,1149.0937040760182,0.5547603996221229
full_old,tri_tsp,200,2029,hv_final,207771.11814639016,208162.74706277827,-391.6289163881156,-0.1881359282167816
full_old,bi_cvrp,25,2025,aubc,19286.782762465995,11657.292376218604,7629.490386247391,65.44822022146319
full_old,bi_cvrp,25,2026,aubc,13826.509200725273,12494.065548810886,1332.4436519143874,10.66461230500908
full_old,bi_cvrp,25,2027,aubc,11458.66656405157,11837.482081248581,-378.815517197012,-3.2001359292199716
full_old,bi_cvrp,25,2028,aubc,13683.390241365241,9991.190054389546,3692.200186975695,36.95455863492014
full_old,bi_cvrp,25,2029,aubc,8741.613521885716,12419.116286363536,-3677.50276447782,-29.61163000394641
full_old,bi_cvrp,25,2025,hv_final,22960.455669602372,14216.210214900735,8744.245454701637,61.50897688285693
full_old,bi_cvrp,25,2026,hv_final,19203.7129532173,18373.625807074834,830.0871461424649,4.5178189370920885
full_old,bi_cvrp,25,2027,hv_final,19097.777606752614,13764.514047963467,5333.263558789147,38.7464718347847
full_old,bi_cvrp,25,2028,hv_final,18491.067893736814,17226.189748947494,1264.8781447893198,7.342762173315798
full_old,bi_cvrp,25,2029,hv_final,14569.355869809526,17741.59469480505,-3172.2388249955256,-17.88023500460415
full_old,bi_cvrp,50,2025,aubc,12933.955947996285,12902.425877482603,31.530070513681494,0.24437319627395038
full_old,bi_cvrp,50,2026,aubc,13544.34169364806,16340.890018920574,-2796.5483252725135,-17.11380666557625
full_old,bi_cvrp,50,2027,aubc,15113.525001958425,12792.362870524714,2321.1621314337117,18.144905323018733
full_old,bi_cvrp,50,2028,aubc,13887.587050876824,11311.160018561843,2576.4270323149813,22.777743645099278
full_old,bi_cvrp,50,2029,aubc,13989.577496981747,13244.885389737185,744.6921072445621,5.622488117727231
full_old,bi_cvrp,50,2025,hv_final,15967.846849378127,16756.397243483898,-788.5503941057705,-4.705966220825997
full_old,bi_cvrp,50,2026,hv_final,18818.646878663556,21221.93508950724,-2403.2882108436825,-11.324547929806549
full_old,bi_cvrp,50,2027,hv_final,17174.46022949821,17286.976852060427,-112.51662256221607,-0.6508750692797105
full_old,bi_cvrp,50,2028,hv_final,19290.96282816287,14501.487203284414,4789.475624878454,33.02747889053541
full_old,bi_cvrp,50,2029,hv_final,17096.25115787379,17201.149856801538,-104.89869892774732,-0.6098353877561857
full_old,bi_cvrp,100,2025,aubc,14167.71242913809,15742.47073773215,-1574.7583085940605,-10.003247487826805
full_old,bi_cvrp,100,2026,aubc,14428.463817880409,16156.153730915752,-1727.6899130353431,-10.693695676646763
full_old,bi_cvrp,100,2027,aubc,15573.858194058372,14538.579103894812,1035.2790901635599,7.120909703522638
full_old,bi_cvrp,100,2028,aubc,14288.497100341723,15929.629210145245,-1641.1321098035223,-10.30238738236493
full_old,bi_cvrp,100,2029,aubc,15107.736198786446,12932.179381168231,2175.556817618215,16.822816584080556
full_old,bi_cvrp,100,2025,hv_final,20957.553435524558,17018.887284034758,3938.6661514898005,23.14291225833913
full_old,bi_cvrp,100,2026,hv_final,16875.396278222703,17852.103570072653,-976.7072918499507,-5.471104780544223
full_old,bi_cvrp,100,2027,hv_final,17208.683087357313,17516.360366138328,-307.67727878101505,-1.756513752570421
full_old,bi_cvrp,100,2028,hv_final,20680.98919509936,19426.377085542983,1254.6121095563758,6.4582917547196805
full_old,bi_cvrp,100,2029,hv_final,18651.52617134129,14211.186133151905,4440.340038189386,31.245386532732454
full_old,bi_cvrp,200,2025,aubc,16281.627803444408,16037.488696074293,244.1391073701143,1.5223025998445383
full_old,bi_cvrp,200,2026,aubc,15475.863730195835,14931.676144467012,544.1875857288233,3.644517738421982
full_old,bi_cvrp,200,2027,aubc,16401.447816879467,16397.998799533445,3.4490173460217193,0.021033160132444273
full_old,bi_cvrp,200,2028,aubc,14278.701887727382,19713.14564926189,-5434.443761534507,-27.567613298377815
full_old,bi_cvrp,200,2029,aubc,16098.179226259928,14780.43510180324,1317.744124456689,8.915462335042633
full_old,bi_cvrp,200,2025,hv_final,23355.061311467292,17819.43188452699,5535.629426940301,31.065128578801726
full_old,bi_cvrp,200,2026,hv_final,21490.572812608785,16777.164207266305,4713.40860534248,28.094191289497374
full_old,bi_cvrp,200,2027,hv_final,17731.378121000052,17537.966630517058,193.41149048299485,1.1028159338976495
full_old,bi_cvrp,200,2028,hv_final,15977.595011048308,21842.82066400209,-5865.225652953783,-26.85196084871917
full_old,bi_cvrp,200,2029,hv_final,19301.556572451325,16843.80068581566,2457.7558866356667,14.591456717398522
full_old,bi_kp,25,2025,aubc,1195.390074893465,28611.304449234838,-27415.914374341373,-95.82196583516682
full_old,bi_kp,25,2026,aubc,31051.104865835445,2196.7880830037607,28854.316782831684,1313.4774813316524
full_old,bi_kp,25,2027,aubc,24689.802685460574,6626.963352512035,18062.83933294854,272.56585516051763
full_old,bi_kp,25,2028,aubc,26495.61225925405,29020.707743751438,-2525.0954844973894,-8.701012762313065
full_old,bi_kp,25,2029,aubc,33090.31622221644,13581.152563856147,19509.163658360292,143.64880717326236
full_old,bi_kp,25,2025,hv_final,13437.249410821145,33268.95866190097,-19831.709251079825,-59.610249459929
full_old,bi_kp,25,2026,hv_final,36965.60103075648,2496.3500943224553,34469.25093643402,1380.7859328236357
full_old,bi_kp,25,2027,hv_final,28056.593960750648,7889.242086323851,20167.351874426797,255.63104356231227
full_old,bi_kp,25,2028,hv_final,28799.57854266745,32978.07698153573,-4178.498438868279,-12.670533946560314
full_old,bi_kp,25,2029,hv_final,36767.01802468493,16976.440704820183,19790.577319864744,116.57671748734431
full_old,bi_kp,50,2025,aubc,30250.70023540865,30057.857556652696,192.8426787559547,0.6415716036729746
full_old,bi_kp,50,2026,aubc,34539.384433736785,22676.958042836908,11862.426390899876,52.31048348059595
full_old,bi_kp,50,2027,aubc,25906.364408497604,34463.344381507195,-8556.979973009591,-24.829221094401998
full_old,bi_kp,50,2028,aubc,28490.691990880394,36393.73486903158,-7903.042878151184,-21.715393890161295
full_old,bi_kp,50,2029,aubc,33788.26416035615,9274.503931127112,24513.76022922904,264.3134383387978
full_old,bi_kp,50,2025,hv_final,36520.044364833804,33030.612699618345,3489.4316652154594,10.564235356299578
full_old,bi_kp,50,2026,hv_final,37139.1230470288,27321.63619618904,9817.48685083976,35.93301213859641
full_old,bi_kp,50,2027,hv_final,31983.165936416797,39613.03951897379,-7629.873582556993,-19.26101524954289
full_old,bi_kp,50,2028,hv_final,33470.948829332636,40891.83693149615,-7420.888102163517,-18.147602697808175
full_old,bi_kp,50,2029,hv_final,37542.51573372906,10420.790933850689,27121.72479987837,260.2655112461445
full_old,bi_kp,100,2025,aubc,26375.912708105887,35742.61219178652,-9366.69948368063,-26.205973512571234
full_old,bi_kp,100,2026,aubc,36003.19584744661,25707.337916552267,10295.85793089434,40.05026877662472
full_old,bi_kp,100,2027,aubc,33764.92344563623,34709.302450314346,-944.3790046781141,-2.720823923298299
full_old,bi_kp,100,2028,aubc,33054.50227867011,7644.3081287534,25410.194149916708,332.4067230406173
full_old,bi_kp,100,2029,aubc,15753.49169249577,33645.50103105158,-17892.009338555807,-53.17801426717704
full_old,bi_kp,100,2025,hv_final,29551.883393316413,38227.392718488256,-8675.509325171843,-22.69448347958094
full_old,bi_kp,100,2026,hv_final,40003.550941607355,28249.82188632117,11753.729055286185,41.606382874142845
full_old,bi_kp,100,2027,hv_final,37517.056269632165,38565.89161146038,-1048.8353418282131,-2.719593137881815
full_old,bi_kp,100,2028,hv_final,36727.224754077884,8219.686159949893,28507.53859412799,346.82028047530434
full_old,bi_kp,100,2029,hv_final,34841.445736601054,36373.51462816387,-1532.0688915628198,-4.2120452401279485
full_old,bi_kp,200,2025,aubc,16042.749254853217,30604.628744954316,-14561.879490101099,-47.580644128878276
full_old,bi_kp,200,2026,aubc,18023.10944601504,28728.467589165168,-10705.358143150126,-37.263937277279666
full_old,bi_kp,200,2027,aubc,31455.638299498092,37607.96231315469,-6152.324013656598,-16.359099603502337
full_old,bi_kp,200,2028,aubc,18668.551453004176,35798.30895980646,-17129.757506802285,-47.85074492215594
full_old,bi_kp,200,2029,aubc,36755.36699575912,15478.143022368993,21277.223973390126,137.46625769409357
full_old,bi_kp,200,2025,hv_final,16931.661482694693,32972.121647564636,-16040.460164869943,-48.64855327274553
full_old,bi_kp,200,2026,hv_final,23789.178926416105,31730.827940062976,-7941.649013646871,-25.02818088657509
full_old,bi_kp,200,2027,hv_final,37673.70547047862,39615.24668364136,-1941.5412131627381,-4.90099488378164
full_old,bi_kp,200,2028,hv_final,32820.136617507604,38009.257360188305,-5189.120742680701,-13.65225501121181
full_old,bi_kp,200,2029,hv_final,39662.5756558806,16292.810971670842,23369.76468420976,143.43605118137063
mpage_orig,bi_tsp,25,2025,aubc,13024.238918151717,11175.53464447517,1848.704273676547,16.542423539356022
mpage_orig,bi_tsp,25,2026,aubc,13123.326645104798,11806.98632579211,1316.3403193126887,11.148825644332039
mpage_orig,bi_tsp,25,2027,aubc,11833.354468949772,6654.8555788539825,5178.49889009579,77.81534593403705
mpage_orig,bi_tsp,25,2028,aubc,12385.274436273967,10248.946206588858,2136.3282296851085,20.844369622232016
mpage_orig,bi_tsp,25,2029,aubc,11775.518020234107,9323.334609582285,2452.1834106518218,26.301570342992207
mpage_orig,bi_tsp,25,2025,hv_final,14536.88709305557,14704.650847993646,-167.7637549380761,-1.1408890742956035
mpage_orig,bi_tsp,25,2026,hv_final,15263.779217934301,15542.631497863178,-278.85227992887667,-1.7941124060440683
mpage_orig,bi_tsp,25,2027,hv_final,14273.1958389995,13864.282455945797,408.913383053703,2.9494017043654397
mpage_orig,bi_tsp,25,2028,hv_final,14413.461889953944,15071.979715571846,-658.5178256179024,-4.369152812337884
mpage_orig,bi_tsp,25,2029,hv_final,15100.280207372994,14570.606657378674,529.6735499943206,3.635219606495177
mpage_orig,bi_tsp,50,2025,aubc,12834.430162921422,11139.2267463209,1695.2034166005233,15.218322197817024
mpage_orig,bi_tsp,50,2026,aubc,12789.328508037073,12329.684131794202,459.64437624287166,3.727949324002555
mpage_orig,bi_tsp,50,2027,aubc,12810.097187996642,10337.05923175995,2473.0379562366925,23.923999087075387
mpage_orig,bi_tsp,50,2028,aubc,13113.357908658963,12485.320691468147,628.0372171908166,5.030204931940485
mpage_orig,bi_tsp,50,2029,aubc,13110.536483267988,12746.473359704336,364.06312356365197,2.8561870667267897
mpage_orig,bi_tsp,50,2025,hv_final,15101.115225139625,15053.009116649873,48.10610848975193,0.3195780200288434
mpage_orig,bi_tsp,50,2026,hv_final,14695.422101762046,15042.920863118195,-347.49876135614977,-2.3100484574650526
mpage_orig,bi_tsp,50,2027,hv_final,14280.921487786007,14767.22747394278,-486.30598615677263,-3.293143462541459
mpage_orig,bi_tsp,50,2028,hv_final,14904.401318350609,14517.8147575211,386.586560829508,2.6628426335942423
mpage_orig,bi_tsp,50,2029,hv_final,15069.90423488014,15176.232657821538,-106.32842294139846,-0.7006246236387237
mpage_orig,bi_tsp,100,2025,aubc,13918.09759149614,13360.084874993374,558.0127165027661,4.176715355657823
mpage_orig,bi_tsp,100,2026,aubc,14117.248139808182,12718.52648464754,1398.7216551606416,10.99751340573163
mpage_orig,bi_tsp,100,2027,aubc,14252.99935548939,13107.871373536815,1145.1279819525753,8.736185680494613
mpage_orig,bi_tsp,100,2028,aubc,13864.553711480794,13372.299643442253,492.25406803854094,3.6811474552916
mpage_orig,bi_tsp,100,2029,aubc,13997.771114406823,12222.75182259088,1775.0192918159428,14.522255851871568
mpage_orig,bi_tsp,100,2025,hv_final,14968.25389571526,15217.68677731296,-249.43288159770054,-1.639098538744821
mpage_orig,bi_tsp,100,2026,hv_final,14946.857918219399,14973.871427775333,-27.013509555934434,-0.18040431084392905
mpage_orig,bi_tsp,100,2027,hv_final,15014.01187066634,15066.724380929141,-52.712510262801516,-0.3498604536067762
mpage_orig,bi_tsp,100,2028,hv_final,15137.157173000645,15131.529824596137,5.627348404508666,0.03718955366536214
mpage_orig,bi_tsp,100,2029,hv_final,15051.7927770676,15093.281807396492,-41.48903032889211,-0.2748840898773919
mpage_orig,bi_tsp,200,2025,aubc,14380.437637309426,13956.7595572464,423.67808006302585,3.0356479118611057
mpage_orig,bi_tsp,200,2026,aubc,14592.658812191205,14199.470137134484,393.18867505672097,2.7690376560492336
mpage_orig,bi_tsp,200,2027,aubc,13989.500831149868,12521.066369306596,1468.4344618432715,11.727710871678676
mpage_orig,bi_tsp,200,2028,aubc,14113.315819659387,13067.507499553265,1045.8083201061218,8.003120106430961
mpage_orig,bi_tsp,200,2029,aubc,14583.396091965678,13568.053931413244,1015.3421605524345,7.483329338791012
mpage_orig,bi_tsp,200,2025,hv_final,15101.350558915781,15150.614526317624,-49.26396740184282,-0.3251615128631813
mpage_orig,bi_tsp,200,2026,hv_final,15377.813820348845,15236.99735145164,140.8164688972047,0.924174662823507
mpage_orig,bi_tsp,200,2027,hv_final,15183.61359870662,14572.255857112392,611.3577415942291,4.195354155107278
mpage_orig,bi_tsp,200,2028,hv_final,15143.162618048673,14996.972597168611,146.19002088006164,0.9747968793892614
mpage_orig,bi_tsp,200,2029,hv_final,15186.557480906975,15124.715363391148,61.84211751582734,0.4088811989514385
mpage_orig,tri_tsp,25,2025,aubc,115479.60804093242,41610.5987020576,73869.00933887482,177.524504917114
mpage_orig,tri_tsp,25,2026,aubc,149119.5999347522,98954.6115682449,50164.988366507285,50.69494748297867
mpage_orig,tri_tsp,25,2027,aubc,161070.49968497525,99089.87701185847,61980.622673116784,62.54990372598739
mpage_orig,tri_tsp,25,2028,aubc,144667.47474195415,65983.79026639968,78683.68447555447,119.2469910532282
mpage_orig,tri_tsp,25,2029,aubc,151913.61187140917,132184.39091025144,19729.220961157727,14.92553003066237
mpage_orig,tri_tsp,25,2025,hv_final,206213.5857873793,208052.993510288,-1839.4077229087125,-0.8841053867450155
mpage_orig,tri_tsp,25,2026,hv_final,207110.5554649336,206155.44076717686,955.1146977567405,0.46329832198579446
mpage_orig,tri_tsp,25,2027,hv_final,207479.51920738546,206437.2437747052,1042.2754326802678,0.5048873030962131
mpage_orig,tri_tsp,25,2028,hv_final,207863.60889236676,206199.34458249898,1664.26430986778,0.8071142579223478
mpage_orig,tri_tsp,25,2029,hv_final,205288.66469109347,206538.1107972679,-1249.4461061744369,-0.6049470005082269
mpage_orig,tri_tsp,50,2025,aubc,158972.99212707314,115820.96062695242,43152.03150012072,37.25753202747908
mpage_orig,tri_tsp,50,2026,aubc,147290.9463269837,152726.7207356753,-5435.774408691592,-3.5591508692832563
mpage_orig,tri_tsp,50,2027,aubc,164612.5514833141,136857.17871286935,27755.372770444752,20.28053846461091
mpage_orig,tri_tsp,50,2028,aubc,155685.0948226461,128287.49845089922,27397.59637174687,21.356403938481215
mpage_orig,tri_tsp,50,2029,aubc,178223.03044801342,153480.75012444647,24742.280323566956,16.120771043603344
mpage_orig,tri_tsp,50,2025,hv_final,206458.43133386123,206823.14397670078,-364.7126428395568,-0.17634034365160423
mpage_orig,tri_tsp,50,2026,hv_final,207452.03708025874,206387.46045361512,1064.5766266436258,0.5158145869442965
mpage_orig,tri_tsp,50,2027,hv_final,208394.09539483703,207359.36168616576,1034.733708671265,0.49900506071065553
mpage_orig,tri_tsp,50,2028,hv_final,208159.94563120895,206915.3200820956,1244.6255491133488,0.601514449785312
mpage_orig,tri_tsp,50,2029,hv_final,207236.0819162947,207406.41908708992,-170.3371707952174,-0.08212724155065576
mpage_orig,tri_tsp,100,2025,aubc,166479.00382380327,121860.01227856004,44618.99154524323,36.6149573686638
mpage_orig,tri_tsp,100,2026,aubc,178803.26376682252,167795.37456760957,11007.88919921295,6.560305507573783
mpage_orig,tri_tsp,100,2027,aubc,178851.2959458734,162288.87889966377,16562.417046209623,10.205515718947966
mpage_orig,tri_tsp,100,2028,aubc,184921.41211274077,166030.63897696315,18890.77313577762,11.377883776258146
mpage_orig,tri_tsp,100,2029,aubc,189869.62446882567,145258.80155228058,44610.82291654509,30.71127011913908
mpage_orig,tri_tsp,100,2025,hv_final,208098.75477975412,206542.39369247438,1556.3610872797435,0.7535310593896893
mpage_orig,tri_tsp,100,2026,hv_final,207919.04646288863,207154.78341680177,764.2630460868531,0.36893333259369054
mpage_orig,tri_tsp,100,2027,hv_final,207966.62319287602,208062.66525597955,-96.0420631035231,-0.04616016188457861
mpage_orig,tri_tsp,100,2028,hv_final,206983.84350450954,207538.29872120416,-554.4552166946232,-0.26715802341593653
mpage_orig,tri_tsp,100,2029,hv_final,208670.78134267608,207512.57364611502,1158.2076965610613,0.5581385629847224
mpage_orig,tri_tsp,200,2025,aubc,184462.18781133674,165365.1598219482,19097.02798938853,11.548398713459761
mpage_orig,tri_tsp,200,2026,aubc,189091.12585590928,164528.8430194459,24562.28283646339,14.928861338653142
mpage_orig,tri_tsp,200,2027,aubc,184617.01542857313,160630.69644015288,23986.318988420244,14.932587307406076
mpage_orig,tri_tsp,200,2028,aubc,188780.6055979618,169427.68244235116,19352.923155610653,11.422527226148894
mpage_orig,tri_tsp,200,2029,aubc,195209.79855488252,165678.61683101635,29531.181723866175,17.824377272527858
mpage_orig,tri_tsp,200,2025,hv_final,207327.5086725669,206706.4497774347,621.0588951322134,0.300454531438632
mpage_orig,tri_tsp,200,2026,hv_final,207727.4552454591,206954.51952131648,772.9357241426187,0.37348095897127287
mpage_orig,tri_tsp,200,2027,hv_final,207066.5399438513,207265.41476148798,-198.87481763667893,-0.09595176207547462
mpage_orig,tri_tsp,200,2028,hv_final,208282.42637503313,207886.7269231299,395.6994519032305,0.19034377892224175
mpage_orig,tri_tsp,200,2029,hv_final,207771.11814639016,207098.27103876998,672.8471076201822,0.32489267256810006
mpage_orig,bi_cvrp,25,2025,aubc,19286.782762465995,4525.1352660565535,14761.647496409441,326.2145025174802
mpage_orig,bi_cvrp,25,2026,aubc,13826.509200725273,3611.0523350491712,10215.456865676102,282.89417925417575
mpage_orig,bi_cvrp,25,2027,aubc,11458.66656405157,9200.331825616564,2258.3347384350054,24.546231388601704
mpage_orig,bi_cvrp,25,2028,aubc,13683.390241365241,9205.275233488775,4478.115007876466,48.647269030969234
mpage_orig,bi_cvrp,25,2029,aubc,8741.613521885716,10071.70429498366,-1330.0907730979434,-13.20621350807938
mpage_orig,bi_cvrp,25,2025,hv_final,22960.455669602372,16161.197378773408,6799.258290828964,42.071500839160045
mpage_orig,bi_cvrp,25,2026,hv_final,19203.7129532173,4751.384651380488,14452.32830183681,304.1708756969985
mpage_orig,bi_cvrp,25,2027,hv_final,19097.777606752614,15333.886376027609,3763.891230725005,24.54623138860168
mpage_orig,bi_cvrp,25,2028,hv_final,18491.067893736814,17702.452372093794,788.6155216430197,4.454837697437886
mpage_orig,bi_cvrp,25,2029,hv_final,14569.355869809526,17985.18624104225,-3415.830371232725,-18.992465940874105
mpage_orig,bi_cvrp,50,2025,aubc,12933.955947996285,10099.447545711615,2834.5084022846695,28.06597479174242
mpage_orig,bi_cvrp,50,2026,aubc,13544.34169364806,9098.50732986523,4445.834363782831,48.863337716832774
mpage_orig,bi_cvrp,50,2027,aubc,15113.525001958425,6393.996997874462,8719.528004083964,136.3705364106766
mpage_orig,bi_cvrp,50,2028,aubc,13887.587050876824,3435.6988364606946,10451.888214416129,304.21433053146194
mpage_orig,bi_cvrp,50,2029,aubc,13989.577496981747,8403.552685705881,5586.024811275865,66.47218170926064
mpage_orig,bi_cvrp,50,2025,hv_final,15967.846849378127,17412.840596054517,-1444.9937466763895,-8.29843780344376
mpage_orig,bi_cvrp,50,2026,hv_final,18818.646878663556,19779.36376057659,-960.7168819130347,-4.85716777112869
mpage_orig,bi_cvrp,50,2027,hv_final,17174.46022949821,13320.82707890513,3853.633150593081,28.929383496732708
mpage_orig,bi_cvrp,50,2028,hv_final,19290.96282816287,13214.226294079594,6076.736534083275,45.98632109702747
mpage_orig,bi_cvrp,50,2029,hv_final,17096.25115787379,17507.401428553923,-411.15027068013296,-2.3484368731590433
mpage_orig,bi_cvrp,100,2025,aubc,14167.71242913809,11642.578790938058,2525.133638200032,21.688782902336534
mpage_orig,bi_cvrp,100,2026,aubc,14428.463817880409,14425.472892086445,2.99092579396347,0.020733641221593047
mpage_orig,bi_cvrp,100,2027,aubc,15573.858194058372,11431.475469254196,4142.382724804176,36.23664098256978
mpage_orig,bi_cvrp,100,2028,aubc,14288.497100341723,10992.309800024233,3296.1873003174896,29.98630279061296
mpage_orig,bi_cvrp,100,2029,aubc,15107.736198786446,12566.853593294867,2540.882605491579,20.218924224972955
mpage_orig,bi_cvrp,100,2025,hv_final,20957.553435524558,18191.529360840734,2766.0240746838244,15.205011188547978
mpage_orig,bi_cvrp,100,2026,hv_final,16875.396278222703,19233.963856115297,-2358.5675778925943,-12.262514349805775
mpage_orig,bi_cvrp,100,2027,hv_final,17208.683087357313,18740.123720088854,-1531.440632731541,-8.171987846002759
mpage_orig,bi_cvrp,100,2028,hv_final,20680.98919509936,15267.09694447809,5413.892250621269,35.46117687147723
mpage_orig,bi_cvrp,100,2029,hv_final,18651.52617134129,19333.62091276133,-682.0947414200382,-3.5280237700834216
mpage_orig,bi_cvrp,200,2025,aubc,16281.627803444408,11322.390316398576,4959.237487045832,43.800269629136636
mpage_orig,bi_cvrp,200,2026,aubc,15475.863730195835,15099.611159057948,376.25257113788757,2.491803048267127
mpage_orig,bi_cvrp,200,2027,aubc,16401.447816879467,15985.820277892295,415.62753898717165,2.5999763025108313
mpage_orig,bi_cvrp,200,2028,aubc,14278.701887727382,11543.8246410658,2734.877246661583,23.691257721748293
mpage_orig,bi_cvrp,200,2029,aubc,16098.179226259928,12745.284632697832,3352.894593562096,26.306941666569728
mpage_orig,bi_cvrp,200,2025,hv_final,23355.061311467292,17691.23486937278,5663.8264420945125,32.014873376079464
mpage_orig,bi_cvrp,200,2026,hv_final,21490.572812608785,19235.173451029237,2255.399361579548,11.725391337497214
mpage_orig,bi_cvrp,200,2027,hv_final,17731.378121000052,18942.030775127965,-1210.6526541279127,-6.391356177699659
mpage_orig,bi_cvrp,200,2028,hv_final,15977.595011048308,15189.2429487708,788.3520622775086,5.190199833766607
mpage_orig,bi_cvrp,200,2029,hv_final,19301.556572451325,14994.45250905624,4307.104063395085,28.72465040516625
mpage_orig,bi_kp,25,2025,aubc,1195.390074893465,16618.691763151626,-15423.301688258161,-92.80695441055123
mpage_orig,bi_kp,25,2026,aubc,31051.104865835445,23096.75052358375,7954.354342251696,34.43927895454222
mpage_orig,bi_kp,25,2027,aubc,24689.802685460574,839.2652299144668,23850.537455546106,2841.8355253412346
mpage_orig,bi_kp,25,2028,aubc,26495.61225925405,20639.21264703821,5856.399612215839,28.37511155279584
mpage_orig,bi_kp,25,2029,aubc,33090.31622221644,19892.898376885372,13197.417845331067,66.34235793747307
mpage_orig,bi_kp,25,2025,hv_final,13437.249410821145,25966.705879924426,-12529.456469103281,-48.25200596118027
mpage_orig,bi_kp,25,2026,hv_final,36965.60103075648,38494.58420597292,-1528.9831752164391,-3.9719436038984313
mpage_orig,bi_kp,25,2027,hv_final,28056.593960750648,2622.703843482709,25433.89011726794,969.7583728513576
mpage_orig,bi_kp,25,2028,hv_final,28799.57854266745,28665.57312088641,134.00542178103933,0.4674786065358649
mpage_orig,bi_kp,25,2029,hv_final,36767.01802468493,24866.12297110671,11900.895053578217,47.85987372219831
mpage_orig,bi_kp,50,2025,aubc,30250.70023540865,25140.4524754193,5110.24775998935,20.326793103607898
mpage_orig,bi_kp,50,2026,aubc,34539.384433736785,22976.356463535543,11563.027970201241,50.32576852884512
mpage_orig,bi_kp,50,2027,aubc,25906.364408497604,25705.006336115614,201.3580723819905,0.7833418508015777
mpage_orig,bi_kp,50,2028,aubc,28490.691990880394,19176.275872708837,9314.416118171557,48.57260179192344
mpage_orig,bi_kp,50,2029,aubc,33788.26416035615,12482.417948024762,21305.846212331388,170.6868517065066
mpage_orig,bi_kp,50,2025,hv_final,36520.044364833804,33973.58442624228,2546.4599385915208,7.4954114545080275
mpage_orig,bi_kp,50,2026,hv_final,37139.1230470288,27352.805313732788,9786.317733296011,35.778113509924616
mpage_orig,bi_kp,50,2027,hv_final,31983.165936416797,37801.47990605239,-5818.31396963559,-15.391762396857967
mpage_orig,bi_kp,50,2028,hv_final,33470.948829332636,33062.544608118675,408.40422121396114,1.235247395669825
mpage_orig,bi_kp,50,2029,hv_final,37542.51573372906,16003.099933365076,21539.415800363982,134.59527147897242
mpage_orig,bi_kp,100,2025,aubc,26375.912708105887,31796.066129546547,-5420.15342144066,-17.04661639385626
mpage_orig,bi_kp,100,2026,aubc,36003.19584744661,8831.542273636856,27171.653573809752,307.66600817753186
mpage_orig,bi_kp,100,2027,aubc,33764.92344563623,13868.004198334529,19896.919247301703,143.47355944477732
mpage_orig,bi_kp,100,2028,aubc,33054.50227867011,31253.72832799814,1800.77395067197,5.761789223267733
mpage_orig,bi_kp,100,2029,aubc,15753.49169249577,29481.170916229476,-13727.679223733705,-46.56422657953716
mpage_orig,bi_kp,100,2025,hv_final,29551.883393316413,35328.96236616288,-5777.078972846466,-16.352246389154057
mpage_orig,bi_kp,100,2026,hv_final,40003.550941607355,10640.412377875713,29363.13856373164,275.95865198594674
mpage_orig,bi_kp,100,2027,hv_final,37517.056269632165,16125.586277133189,21391.469992498976,132.65545590012468
mpage_orig,bi_kp,100,2028,hv_final,36727.224754077884,38584.84978765202,-1857.6250335741352,-4.814389699059074
mpage_orig,bi_kp,100,2029,hv_final,34841.445736601054,35519.4830316018,-678.037295000744,-1.9089165638967565
mpage_orig,bi_kp,200,2025,aubc,16042.749254853217,31094.84757305008,-15052.098318196862,-48.40704969797801
mpage_orig,bi_kp,200,2026,aubc,18023.10944601504,14817.27000519778,3205.8394408172608,21.63583061989609
mpage_orig,bi_kp,200,2027,aubc,31455.638299498092,20672.469590159795,10783.168709338297,52.16197640204121
mpage_orig,bi_kp,200,2028,aubc,18668.551453004176,32487.315409428058,-13818.763956423882,-42.535875255526875
mpage_orig,bi_kp,200,2029,aubc,36755.36699575912,27282.01088369319,9473.356112065929,34.723819121882535
mpage_orig,bi_kp,200,2025,hv_final,16931.661482694693,35383.50515246197,-18451.843669767277,-52.14815092586554
mpage_orig,bi_kp,200,2026,hv_final,23789.178926416105,16018.67027588953,7770.508650526575,48.50907420338342
mpage_orig,bi_kp,200,2027,hv_final,37673.70547047862,29249.209906250933,8424.495564227687,28.802472241916057
mpage_orig,bi_kp,200,2028,hv_final,32820.136617507604,38220.371069915316,-5400.2344524077125,-14.129204665567574
mpage_orig,bi_kp,200,2029,hv_final,39662.5756558806,31002.28509510597,8660.290560774632,27.934362045273065
dense_reward,bi_tsp,25,2025,aubc,13024.238918151717,12010.837202807923,1013.4017153437944,8.43739448160099
dense_reward,bi_tsp,25,2026,aubc,13123.326645104798,12335.423250290218,787.9033948145807,6.3873235545123475
dense_reward,bi_tsp,25,2027,aubc,11833.354468949772,11297.014967557683,536.339501392089,4.747621410897729
dense_reward,bi_tsp,25,2028,aubc,12385.274436273967,12604.658861599266,-219.38442532529916,-1.7405026802721713
dense_reward,bi_tsp,25,2029,aubc,11775.518020234107,12300.874882921076,-525.3568626869692,-4.270890222746604
dense_reward,bi_tsp,25,2025,hv_final,14536.88709305557,14647.635057547972,-110.74796449240239,-0.7560808557647292
dense_reward,bi_tsp,25,2026,hv_final,15263.779217934301,15043.199085719782,220.58013221451984,1.4663113275148465
dense_reward,bi_tsp,25,2027,hv_final,14273.1958389995,14122.847012452077,150.3488265474225,1.0645787383723793
dense_reward,bi_tsp,25,2028,hv_final,14413.461889953944,15009.239369284833,-595.777479330889,-3.96940487570675
dense_reward,bi_tsp,25,2029,hv_final,15100.280207372994,15013.212178364589,87.06802900840557,0.5799427062909146
dense_reward,bi_tsp,50,2025,aubc,12834.430162921422,12842.8731375605,-8.442974639077875,-0.06574054379144822
dense_reward,bi_tsp,50,2026,aubc,12789.328508037073,13060.457125886285,-271.1286178492119,-2.0759504451940303
dense_reward,bi_tsp,50,2027,aubc,12810.097187996642,13056.312366195669,-246.21517819902692,-1.885794175976574
dense_reward,bi_tsp,50,2028,aubc,13113.357908658963,13804.820653423443,-691.4627447644798,-5.008849894714162
dense_reward,bi_tsp,50,2029,aubc,13110.536483267988,13291.986245932116,-181.44976266412777,-1.3651064581838401
dense_reward,bi_tsp,50,2025,hv_final,15101.115225139625,14597.38533516372,503.72988997590437,3.4508227220834353
dense_reward,bi_tsp,50,2026,hv_final,14695.422101762046,14352.305793915144,343.1163078469017,2.39067027120039
dense_reward,bi_tsp,50,2027,hv_final,14280.921487786007,14402.476796712172,-121.5553089261648,-0.8439889238628262
dense_reward,bi_tsp,50,2028,hv_final,14904.401318350609,15174.777579695055,-270.3762613444469,-1.7817477714219043
dense_reward,bi_tsp,50,2029,hv_final,15069.90423488014,14620.850214427399,449.0540204527406,3.071326317327494
dense_reward,bi_tsp,100,2025,aubc,13918.09759149614,13711.602888211439,206.49470328470125,1.5059851497175147
dense_reward,bi_tsp,100,2026,aubc,14117.248139808182,13246.83535338595,870.4127864222319,6.570722464665879
dense_reward,bi_tsp,100,2027,aubc,14252.99935548939,12929.543428777675,1323.4559267117147,10.235906116886229
dense_reward,bi_tsp,100,2028,aubc,13864.553711480794,13725.518540414116,139.03517106667823,1.0129684401889438
dense_reward,bi_tsp,100,2029,aubc,13997.771114406823,14013.234313378718,-15.463198971894599,-0.1103471092118391
dense_reward,bi_tsp,100,2025,hv_final,14968.25389571526,14972.278799418124,-4.0249037028643215,-0.026882372127756682
dense_reward,bi_tsp,100,2026,hv_final,14946.857918219399,14241.610772466325,705.2471457530737,4.952018118038626
dense_reward,bi_tsp,100,2027,hv_final,15014.01187066634,14961.316176629802,52.69569403653804,0.35221295649676687
dense_reward,bi_tsp,100,2028,hv_final,15137.157173000645,15035.488813101614,101.6683598990312,0.6761892557190397
dense_reward,bi_tsp,100,2029,hv_final,15051.7927770676,14990.120738542351,61.672038525248354,0.411417890495569
dense_reward,bi_tsp,200,2025,aubc,14380.437637309426,14060.845705673388,319.59193163603777,2.272921119581639
dense_reward,bi_tsp,200,2026,aubc,14592.658812191205,13892.321874678542,700.3369375126622,5.041179896566916
dense_reward,bi_tsp,200,2027,aubc,13989.500831149868,14570.7073860803,-581.2065549304316,-3.9888698573802284
dense_reward,bi_tsp,200,2028,aubc,14113.315819659387,14233.890298708584,-120.57447904919718,-0.8470943397683506
dense_reward,bi_tsp,200,2029,aubc,14583.396091965678,14536.156400545839,47.2396914198398,0.3249806215490869
dense_reward,bi_tsp,200,2025,hv_final,15101.350558915781,15104.124401757512,-2.773842841730584,-0.018364803996240298
dense_reward,bi_tsp,200,2026,hv_final,15377.813820348845,15452.465736428698,-74.65191607985253,-0.48310682161141205
dense_reward,bi_tsp,200,2027,hv_final,15183.61359870662,15265.087610142253,-81.47401143563184,-0.5337277683326258
dense_reward,bi_tsp,200,2028,hv_final,15143.162618048673,15111.253378289313,31.90923975935948,0.21116209860660984
dense_reward,bi_tsp,200,2029,hv_final,15186.557480906975,15203.9620006847,-17.404519777725,-0.1144735811424713
dense_reward,tri_tsp,25,2025,aubc,115479.60804093242,138205.63887431155,-22726.030833379133,-16.443635019875625
dense_reward,tri_tsp,25,2026,aubc,149119.5999347522,151486.82821010897,-2367.228275356785,-1.5626627762471146
dense_reward,tri_tsp,25,2027,aubc,161070.49968497525,166017.851979272,-4947.352294296754,-2.9800122308018095
dense_reward,tri_tsp,25,2028,aubc,144667.47474195415,136773.24690254361,7894.227839410538,5.771763132182928
dense_reward,tri_tsp,25,2029,aubc,151913.61187140917,153799.44320934443,-1885.8313379352621,-1.226162656108165
dense_reward,tri_tsp,25,2025,hv_final,206213.5857873793,203243.58657986994,2969.9992075093614,1.461300333008153
dense_reward,tri_tsp,25,2026,hv_final,207110.5554649336,204711.93001366078,2398.625451272819,1.171707702190461
dense_reward,tri_tsp,25,2027,hv_final,207479.51920738546,207522.31497409,-42.795766704541165,-0.020622248122992293
dense_reward,tri_tsp,25,2028,hv_final,207863.60889236676,207232.19227658122,631.4166157855361,0.30469040975198425
dense_reward,tri_tsp,25,2029,hv_final,205288.66469109347,207837.08541803304,-2548.42072693957,-1.2261626561081762
dense_reward,tri_tsp,50,2025,aubc,158972.99212707314,152690.24868711547,6282.743439957674,4.114698544261275
dense_reward,tri_tsp,50,2026,aubc,147290.9463269837,177322.6140255868,-30031.667698603094,-16.936174702607122
dense_reward,tri_tsp,50,2027,aubc,164612.5514833141,153611.9344916144,11000.616991699702,7.161303597996294
dense_reward,tri_tsp,50,2028,aubc,155685.0948226461,176685.03444596278,-20999.93962331669,-11.8855225566596
dense_reward,tri_tsp,50,2029,aubc,178223.03044801342,173781.35512356705,4441.675324446376,2.5558986585690446
dense_reward,tri_tsp,50,2025,hv_final,206458.43133386123,206338.17390150737,120.25743235385744,0.05828171786150804
dense_reward,tri_tsp,50,2026,hv_final,207452.03708025874,206551.52925281035,900.5078274483967,0.43597248139770617
dense_reward,tri_tsp,50,2027,hv_final,208394.09539483703,207597.79719521652,796.2981996205053,0.38357738395060625
dense_reward,tri_tsp,50,2028,hv_final,208159.94563120895,207864.74640701507,295.1992241938715,0.14201505031345985
dense_reward,tri_tsp,50,2029,hv_final,207236.0819162947,206882.56562329413,353.5162930005754,0.17087775953257278
dense_reward,tri_tsp,100,2025,aubc,166479.00382380327,181314.01606162902,-14835.012237825751,-8.181944540229747
dense_reward,tri_tsp,100,2026,aubc,178803.26376682252,187758.4186748727,-8955.154908050172,-4.769509123080729
dense_reward,tri_tsp,100,2027,aubc,178851.2959458734,172699.5853477445,6151.710598128906,3.562087648179313
dense_reward,tri_tsp,100,2028,aubc,184921.41211274077,181822.43007078912,3098.9820419516473,1.70440029909682
dense_reward,tri_tsp,100,2029,aubc,189869.62446882567,175057.46766995493,14812.15679887074,8.46131101747507
dense_reward,tri_tsp,100,2025,hv_final,208098.75477975412,207216.01835614746,882.7364236066642,0.4259981591237194
dense_reward,tri_tsp,100,2026,hv_final,207919.04646288863,207468.9703569202,450.0761059684155,0.21693658824937234
dense_reward,tri_tsp,100,2027,hv_final,207966.62319287602,206826.08304182475,1140.5401510512747,0.5514488957471642
dense_reward,tri_tsp,100,2028,hv_final,206983.84350450954,207797.0629380447,-813.2194335351523,-0.39135270828039026
dense_reward,tri_tsp,100,2029,hv_final,208670.78134267608,207170.70130077575,1500.0800419003353,0.7240792411676411
dense_reward,tri_tsp,200,2025,aubc,184462.18781133674,191607.055332038,-7144.867520701257,-3.7289167188128025
dense_reward,tri_tsp,200,2026,aubc,189091.12585590928,178573.622994732,10517.502861177287,5.889729224728546
dense_reward,tri_tsp,200,2027,aubc,184617.01542857313,190006.31905392915,-5389.303625356028,-2.836381259418219
dense_reward,tri_tsp,200,2028,aubc,188780.6055979618,182947.16858441345,5833.437013548362,3.188591033512922
dense_reward,tri_tsp,200,2029,aubc,195209.79855488252,192983.59137827466,2226.207176607859,1.1535732964178091
dense_reward,tri_tsp,200,2025,hv_final,207327.5086725669,206791.2401713577,536.2685012092115,0.25932844194214155
dense_reward,tri_tsp,200,2026,hv_final,207727.4552454591,207344.45974406038,382.9955013987201,0.18471460576834353
dense_reward,tri_tsp,200,2027,hv_final,207066.5399438513,207139.8143434851,-73.27439963381039,-0.035374367726481726
dense_reward,tri_tsp,200,2028,hv_final,208282.42637503313,207916.29621694633,366.1301580868021,0.17609497896440285
dense_reward,tri_tsp,200,2029,hv_final,207771.11814639016,208083.5431814063,-312.42503501614556,-0.15014403841815405
dense_reward,bi_cvrp,25,2025,aubc,19286.782762465995,12909.170794904223,6377.611967561772,49.403730641469835
dense_reward,bi_cvrp,25,2026,aubc,13826.509200725273,12861.593476759352,964.9157239659216,7.502303083280504
dense_reward,bi_cvrp,25,2027,aubc,11458.66656405157,13136.158124812106,-1677.4915607605362,-12.770031730906329
dense_reward,bi_cvrp,25,2028,aubc,13683.390241365241,7474.496723058774,6208.893518306468,83.06771343081965
dense_reward,bi_cvrp,25,2029,aubc,8741.613521885716,0.0,8741.613521885716,nan
dense_reward,bi_cvrp,25,2025,hv_final,22960.455669602372,16302.478793852824,6657.976875749548,40.84027318753558
dense_reward,bi_cvrp,25,2026,hv_final,19203.7129532173,17863.324273276878,1340.3886799404208,7.503579173925723
dense_reward,bi_cvrp,25,2027,hv_final,19097.777606752614,17751.56503352987,1346.2125732227432,7.583627531882198
dense_reward,bi_cvrp,25,2028,hv_final,18491.067893736814,12887.063315618576,5604.004578118238,43.48550512145324
dense_reward,bi_cvrp,25,2029,hv_final,14569.355869809526,18392.16389516577,-3822.808025356244,-20.784982382421234
dense_reward,bi_cvrp,50,2025,aubc,12933.955947996285,15634.83910464972,-2700.8831566534354,-17.274774230648827
dense_reward,bi_cvrp,50,2026,aubc,13544.34169364806,10804.901516858345,2739.440176789716,25.353680202596074
dense_reward,bi_cvrp,50,2027,aubc,15113.525001958425,13637.439091198945,1476.0859107594806,10.823776376842531
dense_reward,bi_cvrp,50,2028,aubc,13887.587050876824,14030.005611656983,-142.41856078015917,-1.0150998133730549
dense_reward,bi_cvrp,50,2029,aubc,13989.577496981747,14571.966192495087,-582.3886955133403,-3.996637707087769
dense_reward,bi_cvrp,50,2025,hv_final,15967.846849378127,18393.928358411435,-2426.081509033307,-13.189577896359882
dense_reward,bi_cvrp,50,2026,hv_final,18818.646878663556,18906.210373493526,-87.5634948299703,-0.46314672850955585
dense_reward,bi_cvrp,50,2027,hv_final,17174.46022949821,17046.79886399868,127.6613654995308,0.7488876153113999
dense_reward,bi_cvrp,50,2028,hv_final,19290.96282816287,17109.7629410451,2181.1998871177675,12.748276493563937
dense_reward,bi_cvrp,50,2029,hv_final,17096.25115787379,19173.639726967216,-2077.3885690934258,-10.834607297703801
dense_reward,bi_cvrp,100,2025,aubc,14167.71242913809,16145.927137760917,-1978.214708622827,-12.252097335409884
dense_reward,bi_cvrp,100,2026,aubc,14428.463817880409,15760.145920986768,-1331.6821031063591,-8.449681302335177
dense_reward,bi_cvrp,100,2027,aubc,15573.858194058372,11502.932641358455,4070.925552699917,35.39032766359966
dense_reward,bi_cvrp,100,2028,aubc,14288.497100341723,15571.604527778261,-1283.1074274365383,-8.240046330149198
dense_reward,bi_cvrp,100,2029,aubc,15107.736198786446,15992.949597705547,-885.2133989191007,-5.535022751813711
dense_reward,bi_cvrp,100,2025,hv_final,20957.553435524558,17842.720438209464,3114.832997315094,17.457164158918314
dense_reward,bi_cvrp,100,2026,hv_final,16875.396278222703,17615.456404041688,-740.0601258189854,-4.2011975667527235
dense_reward,bi_cvrp,100,2027,hv_final,17208.683087357313,14543.400997291288,2665.2820900660245,18.32640171691913
dense_reward,bi_cvrp,100,2028,hv_final,20680.98919509936,17410.893505500368,3270.095689598991,18.781894729101168
dense_reward,bi_cvrp,100,2029,hv_final,18651.52617134129,18080.900810337163,570.6253610041276,3.155956481315858
dense_reward,bi_cvrp,200,2025,aubc,16281.627803444408,15904.607734908128,377.0200685362797,2.3705084389398667
dense_reward,bi_cvrp,200,2026,aubc,15475.863730195835,16811.52982289634,-1335.666092700505,-7.944940804146238
dense_reward,bi_cvrp,200,2027,aubc,16401.447816879467,17303.211583223456,-901.7637663439891,-5.211539846269375
dense_reward,bi_cvrp,200,2028,aubc,14278.701887727382,21074.612408577526,-6795.910520850144,-32.24690632072624
dense_reward,bi_cvrp,200,2029,aubc,16098.179226259928,13014.629166285698,3083.55005997423,23.69295367986468
dense_reward,bi_cvrp,200,2025,hv_final,23355.061311467292,18076.75657911258,5278.304732354711,29.199401503551314
dense_reward,bi_cvrp,200,2026,hv_final,21490.572812608785,18480.384255588197,3010.1885570205886,16.28856042920401
dense_reward,bi_cvrp,200,2027,hv_final,17731.378121000052,23664.697411482968,-5933.319290482916,-25.072449426730703
dense_reward,bi_cvrp,200,2028,hv_final,15977.595011048308,23746.1147577635,-7768.51974671519,-32.714908632265285
dense_reward,bi_cvrp,200,2029,hv_final,19301.556572451325,14582.299231803338,4719.257340647988,32.36291661300914
dense_reward,bi_kp,25,2025,aubc,1195.390074893465,24962.3923585594,-23767.002283665934,-95.21123593555096
dense_reward,bi_kp,25,2026,aubc,31051.104865835445,25865.050693087964,5186.054172747481,20.05043111759055
dense_reward,bi_kp,25,2027,aubc,24689.802685460574,26487.92721462508,-1798.1245291645064,-6.788468250440105
dense_reward,bi_kp,25,2028,aubc,26495.61225925405,23899.723007233642,2595.8892520204063,10.861587187578348
dense_reward,bi_kp,25,2029,aubc,33090.31622221644,5195.77219738122,27894.544024835217,536.8700351969753
dense_reward,bi_kp,25,2025,hv_final,13437.249410821145,31202.99044819925,-17765.741037378102,-56.93602049736673
dense_reward,bi_kp,25,2026,hv_final,36965.60103075648,32331.313366359955,4634.287664396525,14.333743921514808
dense_reward,bi_kp,25,2027,hv_final,28056.593960750648,31533.246684077472,-3476.6527233268243,-11.025356057238278
dense_reward,bi_kp,25,2028,hv_final,28799.57854266745,26555.247785815158,2244.3307568522905,8.451552683500573
dense_reward,bi_kp,25,2029,hv_final,36767.01802468493,6836.54236497529,29930.475659709635,437.80136305522353
dense_reward,bi_kp,50,2025,aubc,30250.70023540865,28396.632557432615,1854.067677976036,6.529181494411906
dense_reward,bi_kp,50,2026,aubc,34539.384433736785,10341.829664563904,24197.55476917288,233.97750256983417
dense_reward,bi_kp,50,2027,aubc,25906.364408497604,12853.050914261157,13053.313494236447,101.55809372662708
dense_reward,bi_kp,50,2028,aubc,28490.691990880394,26737.64187495004,1753.050115930353,6.556487382579346
dense_reward,bi_kp,50,2029,aubc,33788.26416035615,30914.999977615862,2873.2641827402877,9.294077906584786
dense_reward,bi_kp,50,2025,hv_final,36520.044364833804,37363.99020714818,-843.9458423143733,-2.2587144403889647
dense_reward,bi_kp,50,2026,hv_final,37139.1230470288,13430.947616316758,23708.175430712043,176.51900750405622
dense_reward,bi_kp,50,2027,hv_final,31983.165936416797,31403.547186005708,579.6187504110894,1.845711081547452
dense_reward,bi_kp,50,2028,hv_final,33470.948829332636,37003.31658090265,-3532.367751570011,-9.546084183689253
dense_reward,bi_kp,50,2029,hv_final,37542.51573372906,37246.98792483839,295.5278088906707,0.7934274027393107
dense_reward,bi_kp,100,2025,aubc,26375.912708105887,15066.292347703287,11309.6203604026,75.065716895681
dense_reward,bi_kp,100,2026,aubc,36003.19584744661,35875.23694568177,127.95890176483954,0.35667750977805834
dense_reward,bi_kp,100,2027,aubc,33764.92344563623,30736.01456507377,3028.9088805624633,9.854592156539056
dense_reward,bi_kp,100,2028,aubc,33054.50227867011,36919.18154515437,-3864.679266484265,-10.467944046260968
dense_reward,bi_kp,100,2029,aubc,15753.49169249577,32045.739283709023,-16292.247591213252,-50.84060457140298
dense_reward,bi_kp,100,2025,hv_final,29551.883393316413,29826.45383224025,-274.5704389238381,-0.9205601191082491
dense_reward,bi_kp,100,2026,hv_final,40003.550941607355,39207.9092302533,795.641711354052,2.0292888016077315
dense_reward,bi_kp,100,2027,hv_final,37517.056269632165,37616.48568064467,-99.42941101250472,-0.26432403031116936
dense_reward,bi_kp,100,2028,hv_final,36727.224754077884,38862.29636332039,-2135.0716092425064,-5.493940937719943
dense_reward,bi_kp,100,2029,hv_final,34841.445736601054,38659.86527392178,-3818.419537320726,-9.876960279777435
dense_reward,bi_kp,200,2025,aubc,16042.749254853217,36903.892161316646,-20861.14290646343,-56.528300091691875
dense_reward,bi_kp,200,2026,aubc,18023.10944601504,33124.19621956897,-15101.086773553929,-45.58929271356198
dense_reward,bi_kp,200,2027,aubc,31455.638299498092,33939.442280719806,-2483.803981221714,-7.3183405922751525
dense_reward,bi_kp,200,2028,aubc,18668.551453004176,27588.251796586337,-8919.70034358216,-32.33151708687046
dense_reward,bi_kp,200,2029,aubc,36755.36699575912,30420.084528823016,6335.282466936103,20.82598574285166
dense_reward,bi_kp,200,2025,hv_final,16931.661482694693,39824.474946096256,-22892.813463401562,-57.4842819507043
dense_reward,bi_kp,200,2026,hv_final,23789.178926416105,39979.906847219914,-16190.727920803809,-40.49716269393876
dense_reward,bi_kp,200,2027,hv_final,37673.70547047862,38165.232668283104,-491.5271978044839,-1.2878925751000692
dense_reward,bi_kp,200,2028,hv_final,32820.136617507604,32069.005654720364,751.1309627872397,2.3422334040365866
dense_reward,bi_kp,200,2029,hv_final,39662.5756558806,33168.60060032412,6493.975055556482,19.578682663787216
hybrid_reward,bi_tsp,25,2025,aubc,13024.238918151717,12557.741945931783,466.49697221993483,3.714815722671072
hybrid_reward,bi_tsp,25,2026,aubc,13123.326645104798,12895.581480476088,227.74516462870997,1.7660713087929825
hybrid_reward,bi_tsp,25,2027,aubc,11833.354468949772,12389.347404389126,-555.9929354393535,-4.487669263696525
hybrid_reward,bi_tsp,25,2028,aubc,12385.274436273967,12043.926213965915,341.34822230805185,2.8341939019207008
hybrid_reward,bi_tsp,25,2029,aubc,11775.518020234107,10838.920015204958,936.5980050291491,8.64106390410926
hybrid_reward,bi_tsp,25,2025,hv_final,14536.88709305557,14270.161302195207,266.7257908603624,1.8691154585570802
hybrid_reward,bi_tsp,25,2026,hv_final,15263.779217934301,15008.916099904145,254.86311803015633,1.6980781045993432
hybrid_reward,bi_tsp,25,2027,hv_final,14273.1958389995,14156.779336612526,116.41650238697366,0.8223374795840455
hybrid_reward,bi_tsp,25,2028,hv_final,14413.461889953944,14340.888220452813,72.57366950113101,0.50606118941523
hybrid_reward,bi_tsp,25,2029,hv_final,15100.280207372994,14647.18920973643,453.09099763656377,3.09336481661191
hybrid_reward,bi_tsp,50,2025,aubc,12834.430162921422,11254.515116628785,1579.9150462926373,14.038055215353351
hybrid_reward,bi_tsp,50,2026,aubc,12789.328508037073,12329.496272915392,459.83223512168115,3.7295297791833493
hybrid_reward,bi_tsp,50,2027,aubc,12810.097187996642,13670.03014470003,-859.9329567033874,-6.290644187326755
hybrid_reward,bi_tsp,50,2028,aubc,13113.357908658963,12792.610038130135,320.74787052882857,2.507290299421272
hybrid_reward,bi_tsp,50,2029,aubc,13110.536483267988,14209.776664694242,-1099.240181426254,-7.7358019577987935
hybrid_reward,bi_tsp,50,2025,hv_final,15101.115225139625,14478.315550129413,622.799675010212,4.301603130929443
hybrid_reward,bi_tsp,50,2026,hv_final,14695.422101762046,14367.419851876424,328.0022498856215,2.2829586193430895
hybrid_reward,bi_tsp,50,2027,hv_final,14280.921487786007,14897.685198019086,-616.7637102330791,-4.139996932644873
hybrid_reward,bi_tsp,50,2028,hv_final,14904.401318350609,15066.262338956425,-161.86102060581652,-1.07432763989046
hybrid_reward,bi_tsp,50,2029,hv_final,15069.90423488014,15297.860004740567,-227.9557698604276,-1.4901154134616679
hybrid_reward,bi_tsp,100,2025,aubc,13918.09759149614,13102.354311724532,815.7432797716083,6.225929022860011
hybrid_reward,bi_tsp,100,2026,aubc,14117.248139808182,13362.22897208674,755.0191677214425,5.650398367657461
hybrid_reward,bi_tsp,100,2027,aubc,14252.99935548939,13871.605858235593,381.39349725379725,2.749454541540075
hybrid_reward,bi_tsp,100,2028,aubc,13864.553711480794,14384.019688599019,-519.465977118225,-3.6114103593028357
hybrid_reward,bi_tsp,100,2029,aubc,13997.771114406823,14256.981287053412,-259.21017264658803,-1.8181280274385592
hybrid_reward,bi_tsp,100,2025,hv_final,14968.25389571526,15026.76690572185,-58.513010006590775,-0.38939187899633687
hybrid_reward,bi_tsp,100,2026,hv_final,14946.857918219399,14086.296129674738,860.5617885446609,6.109212674663067
hybrid_reward,bi_tsp,100,2027,hv_final,15014.01187066634,15077.136439509914,-63.1245688435738,-0.4186774398230897
hybrid_reward,bi_tsp,100,2028,hv_final,15137.157173000645,15144.28598678801,-7.128813787365289,-0.04707263051941801
hybrid_reward,bi_tsp,100,2029,hv_final,15051.7927770676,15447.150374505738,-395.3575974381383,-2.5594209148804836
hybrid_reward,bi_tsp,200,2025,aubc,14380.437637309426,13945.275500678918,435.16213663050803,3.120498670745686
hybrid_reward,bi_tsp,200,2026,aubc,14592.658812191205,13904.3761676527,688.2826445385053,4.9501152460168285
hybrid_reward,bi_tsp,200,2027,aubc,13989.500831149868,14285.21312280993,-295.71229166006196,-2.0700586621832273
hybrid_reward,bi_tsp,200,2028,aubc,14113.315819659387,14455.592404197065,-342.276584537678,-2.3677797143637047
hybrid_reward,bi_tsp,200,2029,aubc,14583.396091965678,14429.413110457303,153.98298150837581,1.067146531391372
hybrid_reward,bi_tsp,200,2025,hv_final,15101.350558915781,14956.66861527939,144.68194363639122,0.967340705059061
hybrid_reward,bi_tsp,200,2026,hv_final,15377.813820348845,14757.212049620752,620.6017707280935,4.205413384596879
hybrid_reward,bi_tsp,200,2027,hv_final,15183.61359870662,15195.778872042887,-12.165273336266182,-0.08005692527316421
hybrid_reward,bi_tsp,200,2028,hv_final,15143.162618048673,15230.747565686574,-87.58494763790077,-0.5750535044991567
hybrid_reward,bi_tsp,200,2029,hv_final,15186.557480906975,15126.592847119424,59.964633787551065,0.39641864095634194
hybrid_reward,tri_tsp,25,2025,aubc,115479.60804093242,152905.13810224255,-37425.53006131013,-24.476306372572598
hybrid_reward,tri_tsp,25,2026,aubc,149119.5999347522,144931.8119941971,4187.7879405550775,2.8894884310994184
hybrid_reward,tri_tsp,25,2027,aubc,161070.49968497525,157467.59329455753,3602.9063904177165,2.2880303909123434
hybrid_reward,tri_tsp,25,2028,aubc,144667.47474195415,166261.02558964447,-21593.55084769032,-12.98774067530789
hybrid_reward,tri_tsp,25,2029,aubc,151913.61187140917,165524.00130610683,-13610.38943469766,-8.222607795426418
hybrid_reward,tri_tsp,25,2025,hv_final,206213.5857873793,206628.56500303047,-414.9792156511685,-0.2008334208995155
hybrid_reward,tri_tsp,25,2026,hv_final,207110.5554649336,207045.44570599587,65.10975893773139,0.03144708579110311
hybrid_reward,tri_tsp,25,2027,hv_final,207479.51920738546,207221.27151269923,258.2476946862298,0.12462412415532587
hybrid_reward,tri_tsp,25,2028,hv_final,207863.60889236676,207826.28198705558,37.326905311172595,0.0179606279601785
hybrid_reward,tri_tsp,25,2029,hv_final,205288.66469109347,206905.00163263353,-1616.3369415400666,-0.7811976166772094
hybrid_reward,tri_tsp,50,2025,aubc,158972.99212707314,155473.3809673356,3499.611159737542,2.250939124088891
hybrid_reward,tri_tsp,50,2026,aubc,147290.9463269837,149680.19725428114,-2389.2509272974276,-1.5962371583720603
hybrid_reward,tri_tsp,50,2027,aubc,164612.5514833141,176097.8393804083,-11485.287897094182,-6.52210608460877
hybrid_reward,tri_tsp,50,2028,aubc,155685.0948226461,167590.29372417074,-11905.19890152465,-7.103752035376754
hybrid_reward,tri_tsp,50,2029,aubc,178223.03044801342,170140.32322913996,8082.70721887346,4.750612356594575
hybrid_reward,tri_tsp,50,2025,hv_final,206458.43133386123,207297.8412897808,-839.4099559195747,-0.40492942458872916
hybrid_reward,tri_tsp,50,2026,hv_final,207452.03708025874,207889.16285316827,-437.1257729095232,-0.21026866764491947
hybrid_reward,tri_tsp,50,2027,hv_final,208394.09539483703,207173.9286828333,1220.166712003731,0.5889576549333642
hybrid_reward,tri_tsp,50,2028,hv_final,208159.94563120895,206902.44975234175,1257.4958788671938,0.6077723489366083
hybrid_reward,tri_tsp,50,2029,hv_final,207236.0819162947,207511.9351440576,-275.85322776291287,-0.13293366840390064
hybrid_reward,tri_tsp,100,2025,aubc,166479.00382380327,178976.90556760185,-12497.901743798575,-6.9829689501911485
hybrid_reward,tri_tsp,100,2026,aubc,178803.26376682252,181574.51661465023,-2771.252847827709,-1.5262344625755264
hybrid_reward,tri_tsp,100,2027,aubc,178851.2959458734,171448.42861392512,7402.867331948277,4.317839126200673
hybrid_reward,tri_tsp,100,2028,aubc,184921.41211274077,179274.7210685145,5646.69104422626,3.1497419215441136
hybrid_reward,tri_tsp,100,2029,aubc,189869.62446882567,179332.8078416522,10536.81662717348,5.875565521997128
hybrid_reward,tri_tsp,100,2025,hv_final,208098.75477975412,207662.69332238895,436.0614573651692,0.2099854578540894
hybrid_reward,tri_tsp,100,2026,hv_final,207919.04646288863,207513.733273886,405.31318900262704,0.1953187302874415
hybrid_reward,tri_tsp,100,2027,hv_final,207966.62319287602,207085.08216090378,881.5410319722432,0.42569026352525796
hybrid_reward,tri_tsp,100,2028,hv_final,206983.84350450954,207254.01279597057,-270.1692914610321,-0.13035660338552857
hybrid_reward,tri_tsp,100,2029,hv_final,208670.78134267608,206129.6641858071,2541.117156868975,1.232776062051122
hybrid_reward,tri_tsp,200,2025,aubc,184462.18781133674,189305.49467424452,-4843.306862907775,-2.5584607944117543
hybrid_reward,tri_tsp,200,2026,aubc,189091.12585590928,184034.90102583967,5056.224830069608,2.7474271466365385
hybrid_reward,tri_tsp,200,2027,aubc,184617.01542857313,190693.49315114666,-6076.477722573531,-3.186515503052445
hybrid_reward,tri_tsp,200,2028,aubc,188780.6055979618,195292.01109840494,-6511.405500443128,-3.334189383283126
hybrid_reward,tri_tsp,200,2029,aubc,195209.79855488252,187290.54366268747,7919.254892195051,4.228326074197164
hybrid_reward,tri_tsp,200,2025,hv_final,207327.5086725669,207458.07635533653,-130.5676827696152,-0.06293690034316901
hybrid_reward,tri_tsp,200,2026,hv_final,207727.4552454591,207962.93022066934,-235.47497521023615,-0.11322930243403695
hybrid_reward,tri_tsp,200,2027,hv_final,207066.5399438513,207324.7128694393,-258.17292558800546,-0.12452588117201069
hybrid_reward,tri_tsp,200,2028,hv_final,208282.42637503313,206916.83348806784,1365.5928869652853,0.6599718659642262
hybrid_reward,tri_tsp,200,2029,hv_final,207771.11814639016,206240.00044814724,1531.117698242917,0.7423960894665793
hybrid_reward,bi_cvrp,25,2025,aubc,19286.782762465995,11816.54349513001,7470.239267335985,63.218480686968384
hybrid_reward,bi_cvrp,25,2026,aubc,13826.509200725273,11161.755342733246,2664.7538579920274,23.873967634731308
hybrid_reward,bi_cvrp,25,2027,aubc,11458.66656405157,7562.103306980759,3896.5632570708103,51.52750628880989
hybrid_reward,bi_cvrp,25,2028,aubc,13683.390241365241,8284.12454274766,5399.265698617581,65.17605657370724
hybrid_reward,bi_cvrp,25,2029,aubc,8741.613521885716,16496.582073188125,-7754.968551302409,-47.00954729226334
hybrid_reward,bi_cvrp,25,2025,hv_final,22960.455669602372,19058.941121177435,3901.514548424937,20.470783364190947
hybrid_reward,bi_cvrp,25,2026,hv_final,19203.7129532173,14306.354171282901,4897.3587819343975,34.2320532771714
hybrid_reward,bi_cvrp,25,2027,hv_final,19097.777606752614,15124.20661396152,3973.570992791094,26.27292190734154
hybrid_reward,bi_cvrp,25,2028,hv_final,18491.067893736814,14793.079540620824,3697.9883531159903,24.998096866589247
hybrid_reward,bi_cvrp,25,2029,hv_final,14569.355869809526,17931.06747085666,-3361.7116010471327,-18.747972514803813
hybrid_reward,bi_cvrp,50,2025,aubc,12933.955947996285,12355.172162882407,578.7837851138775,4.6845464999076825
hybrid_reward,bi_cvrp,50,2026,aubc,13544.34169364806,15174.40626105463,-1630.064567406569,-10.742196692006045
hybrid_reward,bi_cvrp,50,2027,aubc,15113.525001958425,12878.251784846732,2235.273217111693,17.356961600501087
hybrid_reward,bi_cvrp,50,2028,aubc,13887.587050876824,12302.046929989941,1585.5401208868825,12.888425234516475
hybrid_reward,bi_cvrp,50,2029,aubc,13989.577496981747,14497.648888272755,-508.0713912910087,-3.5045088704140914
hybrid_reward,bi_cvrp,50,2025,hv_final,15967.846849378127,15443.965203603006,523.8816457751218,3.392144691266874
hybrid_reward,bi_cvrp,50,2026,hv_final,18818.646878663556,17853.38223187508,965.264646788477,5.406620629367986
hybrid_reward,bi_cvrp,50,2027,hv_final,17174.46022949821,17171.002379795642,3.4578497025686374,0.02013772769979827
hybrid_reward,bi_cvrp,50,2028,hv_final,19290.96282816287,16852.119082178004,2438.8437459848647,14.472030099550315
hybrid_reward,bi_cvrp,50,2029,hv_final,17096.25115787379,17259.10581937233,-162.85466149853892,-0.943586899593285
hybrid_reward,bi_cvrp,100,2025,aubc,14167.71242913809,18952.026184418355,-4784.3137552802655,-25.244339094538336
hybrid_reward,bi_cvrp,100,2026,aubc,14428.463817880409,14574.005420461557,-145.54160258114825,-0.9986383178972269
hybrid_reward,bi_cvrp,100,2027,aubc,15573.858194058372,14189.644763482953,1384.213430575419,9.755095731062212
hybrid_reward,bi_cvrp,100,2028,aubc,14288.497100341723,17118.610725335024,-2830.1136249933006,-16.532379118854656
hybrid_reward,bi_cvrp,100,2029,aubc,15107.736198786446,15018.88730008534,88.84889870110601,0.5915811000233084
hybrid_reward,bi_cvrp,100,2025,hv_final,20957.553435524558,21625.243480164154,-667.6900446395957,-3.0875492581252884
hybrid_reward,bi_cvrp,100,2026,hv_final,16875.396278222703,17045.99306713158,-170.5967889088788,-1.0008028762948817
hybrid_reward,bi_cvrp,100,2027,hv_final,17208.683087357313,17217.21684597094,-8.53375861362656,-0.04956526185371235
hybrid_reward,bi_cvrp,100,2028,hv_final,20680.98919509936,19963.6022727521,717.3869223472575,3.593474326656998
hybrid_reward,bi_cvrp,100,2029,hv_final,18651.52617134129,17669.279176570984,982.2469947703066,5.559066586444228
hybrid_reward,bi_cvrp,200,2025,aubc,16281.627803444408,18824.666261925548,-2543.03845848114,-13.509075927814173
hybrid_reward,bi_cvrp,200,2026,aubc,15475.863730195835,15414.848234591,61.01549560483545,0.3958228759457727
hybrid_reward,bi_cvrp,200,2027,aubc,16401.447816879467,16221.629155638882,179.81866124058433,1.1085117253964327
hybrid_reward,bi_cvrp,200,2028,aubc,14278.701887727382,17726.31822634442,-3447.616338617039,-19.449139379057723
hybrid_reward,bi_cvrp,200,2029,aubc,16098.179226259928,15741.997069775925,356.1821564840029,2.2626236995549887
hybrid_reward,bi_cvrp,200,2025,hv_final,23355.061311467292,19877.246322911797,3477.814988555496,17.496462699396865
hybrid_reward,bi_cvrp,200,2026,hv_final,21490.572812608785,17368.8430812293,4121.729731379484,23.730594560059572
hybrid_reward,bi_cvrp,200,2027,hv_final,17731.378121000052,18248.085165757042,-516.7070447569895,-2.831568573159682
hybrid_reward,bi_cvrp,200,2028,hv_final,15977.595011048308,19536.667243075142,-3559.072232026834,-18.21739699890913
hybrid_reward,bi_cvrp,200,2029,hv_final,19301.556572451325,17596.496956797844,1705.0596156534812,9.6897673431233
hybrid_reward,bi_kp,25,2025,aubc,1195.390074893465,14109.107172051803,-12913.717097158338,-91.52752856494443
hybrid_reward,bi_kp,25,2026,aubc,31051.104865835445,25453.424530402874,5597.680335432571,21.991855472124833
hybrid_reward,bi_kp,25,2027,aubc,24689.802685460574,23844.717588765874,845.0850966947,3.5441187069997104
hybrid_reward,bi_kp,25,2028,aubc,26495.61225925405,12913.039373330366,13582.572885923682,105.1849413080558
hybrid_reward,bi_kp,25,2029,aubc,33090.31622221644,25871.831273878106,7218.484948338333,27.90094319928016
hybrid_reward,bi_kp,25,2025,hv_final,13437.249410821145,38591.32254341962,-25154.073132598474,-65.18064547877904
hybrid_reward,bi_kp,25,2026,hv_final,36965.60103075648,29953.252959027515,7012.348071728964,23.410973363464137
hybrid_reward,bi_kp,25,2027,hv_final,28056.593960750648,27726.415800890547,330.178159860101,1.1908432818406256
hybrid_reward,bi_kp,25,2028,hv_final,28799.57854266745,33588.345622521636,-4788.767079854188,-14.257228187634308
hybrid_reward,bi_kp,25,2029,hv_final,36767.01802468493,32247.052174715616,4519.9658499693105,14.016679185061577
hybrid_reward,bi_kp,50,2025,aubc,30250.70023540865,29599.450190265878,651.2500451427732,2.2002099395648456
hybrid_reward,bi_kp,50,2026,aubc,34539.384433736785,35456.27090379509,-916.8864700583072,-2.585964193883028
hybrid_reward,bi_kp,50,2027,aubc,25906.364408497604,31973.63907157096,-6067.274663073356,-18.975865241651558
hybrid_reward,bi_kp,50,2028,aubc,28490.691990880394,24505.779048204586,3984.912942675808,16.26111512242563
hybrid_reward,bi_kp,50,2029,aubc,33788.26416035615,28112.06107851584,5676.203081840311,20.19134444104582
hybrid_reward,bi_kp,50,2025,hv_final,36520.044364833804,33635.73885257486,2884.305512258943,8.575121613652747
hybrid_reward,bi_kp,50,2026,hv_final,37139.1230470288,38125.02247719902,-985.8994301702187,-2.585964193883017
hybrid_reward,bi_kp,50,2027,hv_final,31983.165936416797,36338.57670167064,-4355.4107652538405,-11.98563939642029
hybrid_reward,bi_kp,50,2028,hv_final,33470.948829332636,28495.091916516958,4975.856912815678,17.462154280441045
hybrid_reward,bi_kp,50,2029,hv_final,37542.51573372906,31586.585481478476,5955.930252250582,18.855885058367505
hybrid_reward,bi_kp,100,2025,aubc,26375.912708105887,23913.035087107037,2462.87762099885,10.299310029142795
hybrid_reward,bi_kp,100,2026,aubc,36003.19584744661,34082.11703707933,1921.0788103672749,5.636618195628085
hybrid_reward,bi_kp,100,2027,aubc,33764.92344563623,7031.56595877608,26733.35748686015,380.19066653985254
hybrid_reward,bi_kp,100,2028,aubc,33054.50227867011,31672.42362014472,1382.0786585253882,4.363665613661283
hybrid_reward,bi_kp,100,2029,aubc,15753.49169249577,31503.19247539771,-15749.70078290194,-49.99398329296818
hybrid_reward,bi_kp,100,2025,hv_final,29551.883393316413,36043.26221588793,-6491.378822571518,-18.00996475760207
hybrid_reward,bi_kp,100,2026,hv_final,40003.550941607355,36845.53193197765,3158.019009629701,8.570968701062242
hybrid_reward,bi_kp,100,2027,hv_final,37517.056269632165,31360.448568940577,6156.6077006915875,19.631759052034404
hybrid_reward,bi_kp,100,2028,hv_final,36727.224754077884,39628.78893708956,-2901.564183011673,-7.321859337205305
hybrid_reward,bi_kp,100,2029,hv_final,34841.445736601054,37936.85644219734,-3095.4107055962886,-8.159375857387197
hybrid_reward,bi_kp,200,2025,aubc,16042.749254853217,32295.974782924168,-16253.22552807095,-50.325855272417755
hybrid_reward,bi_kp,200,2026,aubc,18023.10944601504,32775.231024503126,-14752.121578488084,-45.00996977705278
hybrid_reward,bi_kp,200,2027,aubc,31455.638299498092,35546.728899702335,-4091.090600204243,-11.509049431095475
hybrid_reward,bi_kp,200,2028,aubc,18668.551453004176,34877.690666056,-16209.139213051822,-46.47423296527782
hybrid_reward,bi_kp,200,2029,aubc,36755.36699575912,32883.63015348728,3871.7368422718428,11.77405543183696
hybrid_reward,bi_kp,200,2025,hv_final,16931.661482694693,37231.298659151784,-20299.63717645709,-54.52304353468278
hybrid_reward,bi_kp,200,2026,hv_final,23789.178926416105,36375.041019270604,-12585.862092854499,-34.6002691411037
hybrid_reward,bi_kp,200,2027,hv_final,37673.70547047862,40515.76651551571,-2842.0610450370878,-7.014703878177175
hybrid_reward,bi_kp,200,2028,hv_final,32820.136617507604,37268.218377825826,-4448.081760318222,-11.935321713593861
hybrid_reward,bi_kp,200,2029,hv_final,39662.5756558806,35175.44315493359,4487.132500947009,12.756434883230906
